{
  "parent": "command_pack:command/command_block",
  "display": {
    "icon": {
      "item": "minecraft:chain_command_block"
    },
    "title": {
      "text": "连锁命令方块"
    },
    "description": {
      "text": "用8个铁栏杆和一个命令方块合成"
    },
    "frame": "challenge",
    "show_toast": true,
    "announce_to_chat": true,
    "hidden": false
  },
  "criteria": {
    "chain_command_block": {
      "trigger": "minecraft:inventory_changed",
      "conditions": {
        "items": [
          {
            "items": [
              "minecraft:chain_command_block"
            ]
          }
        ]
      }
    }
  },
  "requirements": [
    [
      "chain_command_block"
    ]
  ]
}