{
  "parent": "command_pack:command/red_sand",
  "display": {
    "icon": {
      "item": "minecraft:enchanted_golden_apple"
    },
    "title": {
      "text": "命令方块"
    },
    "description": {
      "text": "用8个和一个红石合成"
    },
    "frame": "challenge",
    "show_toast": true,
    "announce_to_chat": true,
    "hidden": false
  },
  "criteria": {
    "enchanted_golden_apple": {
      "trigger": "minecraft:inventory_changed",
      "conditions": {
        "items": [
          {
            "items": [
              "minecraft:enchanted_golden_apple"
            ]
          }
        ]
      }
    }
  },
  "requirements": [
    [
      "enchanted_golden_apple"
    ]
  ]
}