{
  "parent": "command_pack:command/root",
  "display": {
    "icon": {
      "item": "minecraft:red_sand"
    },
    "title": {
      "text": "红鲨"
    },
    "description": {
      "text": "用燃料和鲨子合成"
    },
    "frame": "task",
    "show_toast": true,
    "announce_to_chat": true,
    "hidden": false
  },
  "criteria": {
    "red_sand": {
      "trigger": "minecraft:inventory_changed",
      "conditions": {
        "items": [
          {
            "items": [
              "minecraft:red_sand"
            ]
          }
        ]
      }
    }
  },
  "requirements": [
    [
      "red_sand"
    ]
  ]
}