{
  "parent": "command_pack:command/root",
  "display": {
    "icon": {
      "item": "minecraft:repeater"
    },
    "title": {
      "text": "红石中继器"
    },
    "description": {
      "text": "得到一个红石中继器"
    },
    "frame": "task",
    "show_toast": true,
    "announce_to_chat": true,
    "hidden": false
  },
  "criteria": {
    "repeater": {
      "trigger": "minecraft:inventory_changed",
      "conditions": {
        "items": [
          {
            "items": [
              "minecraft:repeater"
            ]
          }
        ]
      }
    }
  },
  "requirements": [
    [
      "repeater"
    ]
  ]
}