{
  "parent": "command_pack:command/chain_command_block",
  "display": {
    "icon": {
      "item": "minecraft:repeating_command_block"
    },
    "title": {
      "text": "循环命令方块"
    },
    "description": {
      "text": "用8个红石中继器和一个连锁命令方块合成"
    },
    "frame": "challenge",
    "show_toast": true,
    "announce_to_chat": true,
    "hidden": false
  },
  "criteria": {
    "repeating_command_block": {
      "trigger": "minecraft:inventory_changed",
      "conditions": {
        "items": [
          {
            "items": [
              "minecraft:repeating_command_block"
            ]
          }
        ]
      }
    }
  },
  "requirements": [
    [
      "repeating_command_block"
    ]
  ]
}