{
  "display": {
    "icon": {
      "item": "minecraft:redstone"
    },
    "title": {
      "text": "主要:红石"
    },
    "description": {
      "text": "拿到一颗红石"
    },
    "frame": "task",
    "show_toast": false,
    "announce_to_chat": false,
    "hidden": false,
    "background": "minecraft:textures/block/redstone_block.png"
  },
  "criteria": {
    "redstone": {
      "trigger": "minecraft:inventory_changed",
      "conditions": {
        "items": [
          {
            "item": "redstone"
          }
        ]
      }
    }
  },
  "requirements": [
    [
      "redstone"
    ]
  ]
}