{
  "parent": "command_pack:redstone/redstone_block",
  "display": {
    "icon": {
      "item": "minecraft:stone_button"
    },
    "title": {
      "text": "石头按钮"
    },
    "description": {
      "text": "红石工程师2.0"
    },
    "frame": "task",
    "show_toast": true,
    "announce_to_chat": true,
    "hidden": false
  },
  "criteria": {
    "stone_button": {
      "trigger": "minecraft:inventory_changed",
      "conditions": {
        "items": [
          {
            "items": [
              "minecraft:stone_button"
            ]
          }
        ]
      }
    }
  },
  "requirements": [
    [
      "stone_button"
    ]
  ]
}