{
  "parent": "command_pack:redstone/redstone_torch",
  "display": {
    "icon": {
      "item": "minecraft:comparator"
    },
    "title": {
      "text": "比较器"
    },
    "description": {
      "text": "红石比较器"
    },
    "frame": "task",
    "show_toast": true,
    "announce_to_chat": true,
    "hidden": false
  },
  "criteria": {
    "comparator": {
      "trigger": "minecraft:inventory_changed",
      "conditions": {
        "items": [
          {
            "items": [
              "minecraft:comparator"
            ]
          }
        ]
      }
    }
  },
  "requirements": [
    [
      "comparator"
    ]
  ]
}