{
  "parent": "command_pack:redstone/trapped_chest",
  "display": {
    "icon": {
      "item": "minecraft:dispenser"
    },
    "title": {
      "text": "能发射箭矢的..."
    },
    "description": {
      "text": "危险系数高"
    },
    "frame": "challenge",
    "show_toast": true,
    "announce_to_chat": true,
    "hidden": false
  },
  "criteria": {
    "dispenser": {
      "trigger": "minecraft:inventory_changed",
      "conditions": {
        "items": [
          {
            "items": [
              "minecraft:dispenser"
            ]
          }
        ]
      }
    }
  },
  "requirements": [
    [
      "dispenser"
    ]
  ]
}