{
  "parent": "command_pack:redstone/trapped_chest",
  "display": {
    "icon": {
      "item": "minecraft:dropper"
    },
    "title": {
      "text": "可以投掷物品的..."
    },
    "description": {
      "text": "没有伤害，但是很好。"
    },
    "frame": "challenge",
    "show_toast": true,
    "announce_to_chat": true,
    "hidden": false
  },
  "criteria": {
    "dropper": {
      "trigger": "minecraft:inventory_changed",
      "conditions": {
        "items": [
          {
            "items": [
              "minecraft:dropper"
            ]
          }
        ]
      }
    }
  },
  "requirements": [
    [
      "dropper"
    ]
  ]
}