{
  "parent": "command_pack:redstone/comparator",
  "display": {
    "icon": {
      "item": "minecraft:hopper"
    },
    "title": {
      "text": "漏斗"
    },
    "description": {
      "text": "可比较的东西"
    },
    "frame": "task",
    "show_toast": true,
    "announce_to_chat": true,
    "hidden": false
  },
  "criteria": {
    "hopper": {
      "trigger": "minecraft:inventory_changed",
      "conditions": {
        "items": [
          {
            "items": [
              "minecraft:hopper"
            ]
          }
        ]
      }
    }
  },
  "requirements": [
    [
      "hopper"
    ]
  ]
}