{
  "parent": "command_pack:redstone/comparator",
  "display": {
    "icon": {
      "item": "minecraft:lectern"
    },
    "title": {
      "text": "要讲课了"
    },
    "description": {
      "text": "讲台，村民的职业"
    },
    "frame": "task",
    "show_toast": true,
    "announce_to_chat": true,
    "hidden": false
  },
  "criteria": {
    "lectern": {
      "trigger": "minecraft:inventory_changed",
      "conditions": {
        "items": [
          {
            "items": [
              "minecraft:lectern"
            ]
          }
        ]
      }
    }
  },
  "requirements": [
    [
      "lectern"
    ]
  ]
}