{
  "parent": "command_pack:redstone/button",
  "display": {
    "icon": {
      "item": "minecraft:lever"
    },
    "title": {
      "text": "莫非拉杆邪"
    },
    "description": {
      "text": "以一己之力，引紅石複行15步"
    },
    "frame": "goal",
    "show_toast": true,
    "announce_to_chat": true,
    "hidden": false
  },
  "criteria": {
    "lever": {
      "trigger": "minecraft:inventory_changed",
      "conditions": {
        "items": [
          {
            "item": "minecraft:lever"
          }
        ]
      }
    }
  },
  "requirements": [
        [
         "lever"
        ]
    ]
}
