{
  "parent": "command_pack:redstone/repeater",
  "display": {
    "icon": {
      "item": "minecraft:observer"
    },
    "title": {
      "text": "看着什么呢？"
    },
    "description": {
      "text": "侦测器"
    },
    "frame": "goal",
    "show_toast": true,
    "announce_to_chat": true,
    "hidden": false
  },
  "criteria": {
    "observer": {
      "trigger": "minecraft:inventory_changed",
      "conditions": {
        "items": [
          {
            "items": [
              "minecraft:observer"
            ]
          }
        ]
      }
    }
  },
  "requirements": [
    [
      "observer"
    ]
  ]
}