{
  "parent": "command_pack:redstone/repeter",
  "display": {
    "icon": {
      "item": "minecraft:piston"
    },
    "title": {
      "text": "上下运动的物品"
    },
    "description": {
      "text": "可以推人"
    },
    "frame": "task",
    "show_toast": true,
    "announce_to_chat": true,
    "hidden": false
  },
  "criteria": {
    "piston": {
      "trigger": "minecraft:inventory_changed",
      "conditions": {
        "items": [
          {
            "items": [
              "minecraft:piston"
            ]
          }
        ]
      }
    }
  },
  "requirements": [
    [
      "piston"
    ]
  ]
}