{
  "parent": "command_pack:redstone/redstone_block",
  "display": {
    "icon": {
      "item": "minecraft:redstone_torch"
    },
    "title": {
      "text": "红石火把"
    },
    "description": {
      "text": "这是啥火把？"
    },
    "frame": "task",
    "show_toast": true,
    "announce_to_chat": true,
    "hidden": false
  },
  "criteria": {
    "redstone_torch": {
      "trigger": "minecraft:inventory_changed",
      "conditions": {
        "items": [
          {
            "items": [
              "minecraft:redstone_torch"
            ]
          }
        ]
      }
    }
  },
  "requirements": [
    [
      "redstone_torch"
    ]
  ]
}