{
  "parent": "command_pack:redstone/observer",
  "display": {
    "icon": {
      "item": "minecraft:redstone_lamp"
    },
    "title": {
      "text": "莫非燈泡邪"
    },
    "description": {
      "text": "以紅為電，閃光。"
    },
    "frame": "goal",
    "show_toast": true,
    "announce_to_chat": true,
    "hidden": false
  },
  "criteria": {
    "redstone_lamp": {
      "trigger": "minecraft:inventory_changed",
      "conditions": {
        "items": [
          {
            "item": "minecraft:redstone_lamp"
          }
        ]
      }
    }
  },
  "requirements": [
        [
        "redstone_lamp"
        ]
    ]
}
