{
  "display": {
    "icon": {
      "item": "minecraft:redstone_ore"
    },
    "title": {
      "text": "红石矿石"
    },
    "description": {
      "text": "获取一个红石矿石"
    },
    "frame": "task",
    "show_toast": false,
    "announce_to_chat": false,
    "hidden": false,
    "background": "minecraft:textures/block/redstone_ore.png"
  },
  "criteria": {
    "redstone_ore": {
      "trigger": "minecraft:inventory_changed",
      "conditions": {
        "items": [
          {
            "item": "redstone_ore"
          }
        ]
      }
    }
  },
  "requirements": [
    [
      "redstone_ore"
    ]
  ]
}