{
  "parent": "command_pack:redstone/piston",
  "display": {
    "icon": {
      "item": "minecraft:sticky_piston"
    },
    "title": {
      "text": "貌似用了史莱姆的..."
    },
    "description": {
      "text": "黏糊糊的，但用处不容小觑"
    },
    "frame": "task",
    "show_toast": true,
    "announce_to_chat": true,
    "hidden": false
  },
  "criteria": {
    "sticky_piston": {
      "trigger": "minecraft:inventory_changed",
      "conditions": {
        "items": [
          {
            "item": "minecraft:sticky_piston"
          }
        ]
      }
    }
  },
  "requirements": [
        [
        "sticky_piston"
        ]
    ]
}
