{
  "parent": "command_pack:redstone/lever",
  "display": {
    "icon": {
      "item": "minecraft:target"
    },
    "title": {
      "text": "新开关？"
    },
    "description": {
      "text": "对中间的红心射一箭会出现什么呢？"
    },
    "frame": "task",
    "show_toast": true,
    "announce_to_chat": true,
    "hidden": false
  },
  "criteria": {
    "target": {
      "trigger": "minecraft:inventory_changed",
      "conditions": {
        "items": [
          {
            "item": "minecraft:target"
          }
        ]
      }
    }
  },
  "requirements": [
        [
        "target"
        ]
    ]
}
