{
  "parent": "command_pack:redstone/observer",
  "display": {
    "icon": {
      "item": "minecraft:tnt"
    },
    "title": {
      "text": "爆炸就是艺术"
    },
    "description": {
      "text": "用沙子和火药合成TNT，艺术就是爆炸"
    },
    "frame": "challenge",
    "show_toast": true,
    "announce_to_chat": true,
    "hidden": false
  },
  "criteria": {
    "tnt": {
      "trigger": "minecraft:inventory_changed",
      "conditions": {
        "items": [
          {
            "item": "minecraft:tnt"
          }
        ]
      }
    }
  },
  "requirements": [
        [
        "tnt"
        ]
    ]
}
