{
  "parent": "command_pack:redstone/hopper",
  "display": {
    "icon": {
      "item": "minecraft:trapped_chest"
    },
    "title": {
      "text": "箱子"
    },
    "description": {
      "text": "看似普普通通，你却没有察觉危险就在你的附近"
    },
    "frame": "goal",
    "show_toast": true,
    "announce_to_chat": true,
    "hidden": false
  },
  "criteria": {
    "trapped_chest": {
      "trigger": "minecraft:inventory_changed",
      "conditions": {
        "items": [
          {
            "item": "minecraft:trapped_chest"
          }
        ]
      }
    }
  },
  "requirements": [
        [
        "trapped_chest"
        ]
    ]
}