{
  "parent": "command_pack:redstone/dispenser",
  "display": {
    "icon": {
      "item": "minecraft:trident"
    },
    "title": {
      "text": "海神三叉戟"
    },
    "description": {
      "text": "用三把不同的剑和两个木棍看能变成什么"
    },
    "frame": "task",
    "show_toast": true,
    "announce_to_chat": true,
    "hidden": false
  },
  "criteria": {
    "trident": {
      "trigger": "minecraft:inventory_changed",
      "conditions": {
        "items": [
          {
            "item": "minecraft:trident"
          }
        ]
      }
    }
  },
  "requirements": [
        [
        "trident"
        ]
    ]
}