{
  "parent": "command_pack:recipes/items/trident",
  "rewards": {
    "recipes": [
      "command_pack:enchanted_goiden_apple"
    ]
  },
  "criteria": {
    "has_gold_block": {
      "trigger": "minecraft:inventory_changed",
      "conditions": {
        "items": [
          {
            "item": "minecraft:gold_block"
          }
        ]
      }
    },
    "has_the_recipe": {
      "trigger": "minecraft:recipe_unlocked",
      "conditions": {
        "recipe": "command_pack:enchanted_golden_apple"
      }
    }
  },
  "requirements": [
    [
      "has_gold_block",
      "has_the_recipe"
    ]
  ]
}