{
  "parent": "command_pack:recipes/root",
  "rewards": {
    "recipes": [
      "command_pack:trident"
    ]
  },
  "criteria": {
    "has_iron_sword": {
      "trigger": "minecraft:inventory_changed",
      "conditions": {
        "items": [
          {
            "item": "minecraft:iron_sword"
          }
        ]
      }
    },
    "has_the_recipe": {
      "trigger": "minecraft:recipe_unlocked",
      "conditions": {
        "recipe": "command_pack:trident"
      }
    }
  },
  "requirements": [
    [
      "has_iron_sword",
      "has_the_recipe"
    ]
  ]
}